operation,time_seconds,time_minutes
training_time,19687.713094472885,328.1285515745481
evaluation_time,48.90611696243286,0.815101949373881
logits_storage_test_snli,8.229292154312134,0.13715486923853557
logits_storage_train_snli,462.11009311676025,7.701834885279338
embeddings_storage_snli_test_roberta-base,8.944125652313232,0.1490687608718872
embeddings_storage_snli_train_roberta-base,501.4709985256195,8.357849975426992
model_total_time,20785.919420957565,346.43199034929273
