operation,time_seconds,time_minutes
training_time,17889.53084540367,298.15884742339455
evaluation_time,55.67741394042969,0.9279568990071615
logits_storage_test_snli,8.635624408721924,0.14392707347869874
logits_storage_train_snli,485.51914644241333,8.091985774040221
embeddings_storage_snli_test_bert-base-uncased,9.362311124801636,0.15603851874669392
embeddings_storage_snli_train_bert-base-uncased,524.7892603874207,8.746487673123678
model_total_time,19096.829899072647,318.28049831787746
