dataset,accuracy,micro-f1,macro-f1
roberta_training,0.9100162866449512,0.9100162866449512,0.9097958661759149
roberta_training,0.9155130293159609,0.9155130293159609,0.915227735412651
