dataset,accuracy,micro-f1,macro-f1
bert_training,0.15,0.15,0.09839842035980693
bert_training,0.9463157894736842,0.9463157894736842,0.9463179597627784
