dataset,accuracy,micro-f1,macro-f1
bert_training,0.9043159609120521,0.9043159609120521,0.9041020422297126
