dataset,accuracy,micro-f1,macro-f1
bert_training,0.9467105263157894,0.9467105263157894,0.9468072839431428
