dataset,accuracy,micro-f1,macro-f1
roberta_training,0.9078,0.9078,0.9077988834075976
roberta_training,0.9104,0.9104,0.9103908951414481
