dataset,accuracy,micro-f1,macro-f1
roberta_training,0.66784,0.66784,0.6685315943881809
roberta_training,0.66706,0.66706,0.666755439816234
