dataset,accuracy,micro-f1,macro-f1
bert_training,0.9018729641693811,0.9018729641693811,0.9015494151768947
