dataset,accuracy,micro-f1,macro-f1
bert_training,0.9457894736842105,0.9457894736842105,0.9457894416441085
bert_training,0.9484210526315789,0.9484210526315789,0.9483932746912895
