dataset,accuracy,micro-f1,macro-f1
electra_training,0.9145969055374593,0.9145969055374593,0.9144297514263992
