dataset,accuracy,micro-f1,macro-f1
electra_training,0.9494736842105264,0.9494736842105264,0.9494581827418576
