dataset,accuracy,micro-f1,macro-f1
electra_training,0.66374,0.66374,0.6644356253191889
electra_training,0.66788,0.66788,0.6693410526633301
